experience,test_score(out of 10),interview_score(out of 10),salary($),predicted
0,8.0,9,50000,52350.07278020377
0,8.0,6,45000,45734.35225618631
5,6.0,7,60000,58312.95487627365
2,10.0,10,65000,63872.634643376994
7,9.0,6,70000,67270.7423580786
3,7.0,10,62000,61148.47161572052
10,8.0,7,72000,76069.14119359534
11,7.0,8,80000,79241.63027656477
